one-sandbox;21:20:24;1474849224904;ALOCA
one-sandbox;21:23:36;1474849416992;ALOCA
one-sandbox;21:27:30;1474849650504;ALOCA
one-sandbox;21:29:33;1474849773073;ALOCA
192.168.15.24;23:58:04;1474858684903;ALOCA
192.168.15.100;22:00:55;1478044855503;ALOCA
192.168.15.100;22:34:10;1478046850487;ALOCA
192.168.15.100;22:51:36;1478047896679;ALOCA
192.168.15.100;23:03:40;1478048620027;ALOCA
192.168.15.100;23:09:39;1478048979645;ALOCA
192.168.15.100;23:16:48;1478049408956;ALOCA
192.168.15.100;10:50:34;1478091034086;ALOCA
192.168.15.100;10:55:28;1478091328532;ALOCA
192.168.15.100;11:03:43;1478091823731;ALOCA
192.168.15.100;11:18:45;1478092725273;ALOCA
192.168.15.100;11:25:34;1478093134778;ALOCA
192.168.15.100;16:08:57;1478110137520;ALOCA
192.168.15.100;19:41:26;1478122886581;ALOCA
192.168.15.100;19:53:21;1478123601872;ALOCA
192.168.15.100;19:55:30;1478123730129;ALOCA
192.168.15.100;20:20:29;1478125229296;ALOCA
192.168.15.100;21:39:55;1478129995624;ALOCA
192.168.15.100;21:49:29;1478130569508;ALOCA
192.168.15.100;22:36:57;1478133417892;ALOCA
191.4.239.117;18:29:51;1478204991508;ALOCA
191.4.237.220;18:37:18;1478205438741;ALOCA
191.4.237.220;18:41:35;1478205695807;DESALOCA
191.4.237.220;18:45:13;1478205913227;ALOCA
191.4.237.220;18:53:38;1478206418814;ALOCA
191.4.237.220;18:56:36;1478206596474;ALOCA
191.4.237.220;19:00:00;1478206800372;ALOCA
191.4.233.173;19:02:33;1478206953983;ALOCA
191.4.237.220;19:09:47;1478207387259;ALOCA
191.4.233.173;19:12:21;1478207541656;ALOCA
191.4.237.220;19:40:46;1478209246323;ALOCA
191.4.237.220;19:45:04;1478209504508;ALOCA
191.4.233.173;19:45:08;1478209508609;ALOCA
191.4.237.220;19:55:49;1478210149679;ALOCA
191.4.237.220;19:59:55;1478210395684;ALOCA
191.4.233.173;20:00:12;1478210412365;ALOCA
191.4.239.117;20:00:33;1478210433255;ALOCA
191.4.237.220;20:19:01;1478211541618;ALOCA
191.4.233.173;20:19:20;1478211560259;ALOCA
191.4.239.117;20:19:42;1478211582640;ALOCA
191.4.237.220;20:34:25;1478212465294;ALOCA
191.4.233.173;20:34:48;1478212488493;ALOCA
191.4.239.117;20:35:15;1478212515814;ALOCA
191.4.237.220;20:55:01;1478213701996;ALOCA
191.4.233.173;20:55:23;1478213723717;ALOCA
191.4.239.117;20:55:55;1478213755027;ALOCA
191.4.237.220;21:13:33;1478214813048;ALOCA
191.4.233.173;21:13:50;1478214830803;ALOCA
191.4.239.117;21:14:12;1478214852780;ALOCA
